,Unnamed: 0,Bids,Date last sold,Sold Price,Sale Type,Description,Shipping Cost,Tag,Band
0,83,‚Äì,2022-12-10,208.0,Fixed price,Cure Disintegration Shirt Vintage Goth Rock 1989 The Prayer Tour Robert Smith,7.5,None Listed,None Listed
1,84,‚Äì,2022-12-08,212.5,Fixed price,Vintage 1984 The Cure In Concert Shirt XL,0.0,None Listed,The Cure
2,85,‚Äì,2022-12-18,15.1,Fixed price,Vintage Arizona Tuscon Bicycling For a Cure Shirt Medium Actual Single Stitch,5.99,None Listed,None Listed
3,86,3,2023-01-06,113.5,Auction,1986 The Cure Boys Don‚Äôt Cry Tour T-shirt XL X-large Vintage Authentic,10.0,None Listed,The Cure
4,87,‚Äì,2023-01-26,50.0,Fixed price,The Cure Band Long Sleeve Grey Shirt Vintage,0.0,None Listed,The Cure
5,88,1,2023-03-02,111.0,Auction,The Cure - Vintage Concert T-Shirt 'Kiss Me Kiss Me' - 1987 - Size XL RARE,12.55,None Listed,The Cure
6,89,‚Äì,2023-03-02,50.0,Fixed price,Vintage 1989 Simple Minds European Tour New Wave Post Punk The Cure RARE T-shirt,5.7,None Listed,The Cure
7,90,‚Äì,2023-01-04,400.0,Fixed price,2 Vintage Rare 1980s The Cure The top Shirt White 80s XL,9.5,None Listed,The Cure
8,91,5,2023-01-19,126.5,Auction,1986 The Cure Boys Don‚Äôt Cry Tour T-shirt XL X-large Vintage Authentic,10.0,None Listed,The Cure
9,92,‚Äì,2023-02-04,90.0,Fixed price,Vintage The Cure WIld Mood Swings Shirt Men's Extra Large Black Short Sleeve XL,5.99,None Listed,The Cure
10,93,14,2023-02-24,110.0,Auction,Vintage 90s The Cure 1992 Wish Tour T-shirt XL Ultra Rare USA MADE Band Concert,4.99,None Listed,The Cure
11,94,13,2023-03-04,86.0,Auction,The Cure Disintegration XL vintage t-shirt Robert Smith,6.0,None Listed,The Cure
12,95,‚Äì,2023-02-05,180.0,Fixed price,Vintage 1996 Type O Negative Shirt Black XL All For None,0.0,None Listed,Type O Negative
13,96,‚Äì,2022-12-30,150.0,Fixed price,Rare Vintage 1997 Type O Negative Legion Of Doom T Shirt XL Blue Grape,11.9,Blue Grape,Type O Negative
14,97,6,2022-12-11,199.95,Auction,Type O Negative Bloody Kisses XL Vintage 1993 T-Shirt goth industrial vinyl,7.15,None Listed,Type O Negative
15,98,‚Äì,2022-12-29,100.0,Fixed price,TYPE O NEGATIVE - Provide Protect Procreate - T-Shirt (Vintage; 1995) - Large,0.0,None Listed,Type O Negative
16,99,‚Äì,2022-12-29,250.0,Fixed price,TYPE O NEGATIVE - Wolf Moon - T-Shirt (Vintage; 1996) - XL,0.0,None Listed,Type O Negative
17,100,‚Äì,2023-01-02,300.0,Fixed price,TYPE O NEGATIVE - Little Miss Scare All - T-Shirt (Vintage; 1996) - Large,0.0,None Listed,Type O Negative
18,101,‚Äì,2023-01-12,180.0,Fixed price,Vintage 1998 Type O Negative After Dark Shirt Blue Grape Size L,6.55,Blue Grape,Type O Negative
19,102,‚Äì,2023-01-19,190.0,Fixed price,Vintage T Shirt Type O Negative World Coming Down Tagged Tultex Size LG Grunge,5.45,None Listed,Type O Negative
20,103,‚Äì,2023-02-04,150.0,Fixed price,Vintage T Shirt Type O Negative The Green Men Tagged Blue Grape Size LG RARE,5.85,Blue Grape,Type O Negative
21,104,‚Äì,2022-12-29,31.49,Fixed price,#Type O Negative Life Is Killing Me Unisex Vintage Mens T-shirt Black DA03523,5.99,None Listed,Type O Negative
22,105,‚Äì,2022-12-15,15.99,Fixed price,"Vintage 90s Type O Negative Shirt, Unisex Hip hop shirt, Birthday Shirt",10.99,None Listed,Type O Negative
23,106,‚Äì,2023-03-04,28.95,Fixed price,"Vintage 90s Type O Negative Wolf Moon T-shirt, Type O Negative Wolf Moon Shirt",5.95,None Listed,Type O Negative
24,107,‚Äì,2023-03-02,100.0,Fixed price,Xl TYPE O NEGATIVE üÖæÔ∏è Vintage T Marylin Manson Nine Inch Nails Danzig Misfits,6.4,None Listed,Type O Negative
25,108,‚Äì,2023-01-31,200.0,Fixed price,Xl TYPE O NEGATIVE Vintage t shirt Danzig Misfits Manson Nirvana Slayer Sabbath,8.25,None Listed,"Type O Negative,Nirvana"
26,109,‚Äì,2023-02-03,20.99,Fixed price,Best Shirt RARE Type O Negative Vintage Bloody Kisses KL1989,5.99,None Listed,Type O Negative
27,110,‚Äì,2022-12-24,200.0,Fixed price,Vintage Type O Negative Orchestra Of Death Origin Of Feces Shirt 1995 Gildan XL,6.99,Gildan,Type O Negative
28,111,‚Äì,2022-12-13,155.0,Fixed price,Rare Vintage 1997 Type O Negative Legion Of Doom T Shirt L Solstice,5.65,None Listed,Type O Negative
29,112,2,2022-12-20,231.25,Auction,Vintage 1999 Type O Negative World Coming Down ‚ÄúBlue Grape‚Äù T-Shirt Sz L Rare,9.4,Blue Grape,Type O Negative
30,113,‚Äì,2023-01-17,39.99,Fixed price,Type O Negative Black No.1 T Shirt - Size L Double Sided Tee,5.99,None Listed,Type O Negative
31,114,‚Äì,2023-01-10,625.0,Fixed price,Type O Negative October Rust Vintage Long Sleeve 1996,17.1,None Listed,Type O Negative
32,115,‚Äì,2022-12-30,300.0,Fixed price,Vintage Type O Negative 1996 Tour Shirt Size Medium,0.0,None Listed,Type O Negative
33,116,‚Äì,2023-02-07,225.0,Fixed price,Type O Negative Large Shirt Vintage Carnivore NYHC Blue Grape,0.0,Blue Grape,Type O Negative
34,117,‚Äì,2023-02-07,225.0,Fixed price,Type O Negative Large Shirt Vintage Carnivore NYHC Blue Grape Sold As Is,10.0,Blue Grape,Type O Negative
35,118,‚Äì,2023-02-07,225.0,Fixed price,Type O Negative Large Shirt Vintage Carnivore NYHC Blue Grape,0.0,Blue Grape,Type O Negative
36,119,11,2022-12-07,46.0,Auction,Vintage Ozzfest 1997 Tour T-Shirt Size (L) type o negative pantera Black Sabbath,7.5,None Listed,Type O Negative
37,120,15,2022-12-15,81.0,Auction,Vintage Ozzfest 1997 Tour T-Shirt Size XL type o negative pantera black sabbath,6.99,None Listed,Type O Negative
38,121,1,2022-12-13,200.0,Auction,Vintage Type O Negative Shirt XL October Rust Blue Grape 1996,12.6,Blue Grape,Type O Negative
39,122,‚Äì,2022-12-17,55.98,Fixed price,Vintage Ozzfest 1997 Tour T-Shirt Size (L) type o negative pantera Black Sabbath,0.0,None Listed,Type O Negative
40,123,‚Äì,2022-12-26,800.0,Fixed price,Vintage Ozzfest 1997 Tour T-Shirt Size XL type o negative pantera Black Sabbath,0.0,None Listed,Type O Negative
41,124,‚Äì,2022-12-26,90.0,Fixed price,VINTAGE 2007 Type O Negative Skeletour concert t-shirt¬† GOTH METAL,6.0,None Listed,Type O Negative
42,125,21,2023-01-25,105.0,Auction,vintage 1994 type o negative shirt,10.65,None Listed,Type O Negative
43,126,‚Äì,2022-12-16,275.0,Fixed price,Vintage Type O Negative Black No.1 T Shirt - Size L - Made in USA,0.0,None Listed,Type O Negative
44,127,‚Äì,2023-01-21,15.0,Fixed price,"Type O Negative vintage retro t-shirt, bloody kisses, Metal, 90s Rock, Merchandi",0.0,None Listed,Type O Negative
45,128,‚Äì,2023-02-25,150.0,Fixed price,Vintage TYPE O NEGATIVE Russia Long Sleeve T-Shirt USSR SOVIET 2003 Mens XL Red,0.0,None Listed,Type O Negative
46,129,‚Äì,2023-02-25,225.0,Fixed price,Vintage Type O Negative Green Men Blue Grape,13.72,Blue Grape,Type O Negative
47,130,‚Äì,2023-03-02,249.99,Fixed price,Vintage TYPE O NEGATIVE Russia Long Sleeve T-Shirt USSR SOVIET 2003 Mens XL Red,0.0,None Listed,Type O Negative
48,131,‚Äì,2023-01-18,21.84,Fixed price,Vintage After Dark TYPE O NEGATIVE Shirt Classic Men Black Unisex S-5XL QE1583,5.99,None Listed,Type O Negative
49,132,‚Äì,2023-02-14,67.0,Fixed price,Type O Negative Christian Woman Tour Longsleeve Reissue 1994 M,8.5,None Listed,Type O Negative
50,133,‚Äì,2023-01-05,112.0,Fixed price,Vintage 1999 Type O Negative World Coming Down ‚ÄúBlue Grape‚Äù T-Shirt Sz XL Rare,4.0,Blue Grape,Type O Negative
51,134,‚Äì,2022-12-17,34.99,Fixed price,Vintage Alice In Chains Yellow on Black Band Tee T Shirt Medium Jerry Cantrell,0.0,None Listed,None Listed
52,135,‚Äì,2023-01-16,120.0,Fixed price,Vintage Y2K Alice In Chains Jar Of Flies Band Tee T Shirt XL Cantrell DEADSTOCK,0.0,None Listed,None Listed
53,136,‚Äì,2023-02-03,60.0,Fixed price,Xl '00 METALLICA Vintage t shirt Korn Alice In Chains Misfits Slayer Sabbath,8.25,None Listed,None Listed
54,137,‚Äì,2023-02-09,275.0,Fixed price,Xl SOUNDGARDEN ÔøΩÔøΩ Vintage shirt Nirvana Alice In Chains Pearl Jam Metallica,8.05,None Listed,Nirvana
55,138,‚Äì,2023-02-16,75.0,Fixed price,Vintage 1993 Lollapalooza Festival Alice In Chains T Shirt Size XL,6.0,None Listed,None Listed
56,139,28,2023-01-12,272.11,Auction,TRUE Vintage 1992 Alice In Chains Would? Deadstock Never Been Worn 90s Shirt XL,12.6,None Listed,None Listed
57,140,‚Äì,2023-02-04,150.0,Fixed price,Xl JANES ADDICTION Vintage t shirt Alice In Chains Nirvana Soundgarden Red Hot,6.45,None Listed,"Nirvana,Soundgarden"
58,141,‚Äì,2023-01-19,400.0,Fixed price,Xl Rare RADIOHEAD Vintage T shirt Soundgarden Nirvana Alice In Chains Nine Inch,8.25,None Listed,"Nirvana,Soundgarden"
59,142,‚Äì,2023-02-11,75.0,Fixed price,Vintage FARM AID 1993 T-shirt Waylon Jennings Johnny Cash Alice In Chains 90s,5.75,None Listed,None Listed
60,143,‚Äì,2022-12-13,114.99,Fixed price,Vintage 2000‚Äôs Alice In Chains Rooster T Shirt Mens XL Grunge Rock Band Y2K,5.99,None Listed,None Listed
61,144,‚Äì,2022-12-17,100.0,Fixed price,Vintage Alice In Chains Dirt Anvil Tshirt 3XL Seattle Rock Tee XXXL,0.0,Anvil,None Listed
62,145,8,2023-01-05,36.0,Auction,"Vintage Alice In Chains T Shirt Size XL , Bay Island Sportwear Tag, 90s rock",0.0,None Listed,None Listed
63,146,‚Äì,2023-01-09,18.0,Fixed price,"Alice In Chains T Shirt Size XL , Bay Island Sportwear Tag, 90s rock , 2015",6.85,None Listed,None Listed
64,147,‚Äì,2023-02-05,68.75,Fixed price,Vintage 90s 1992 Alice In Chains Older Than Dirt Shirt XL Layne Staley Grunge,25.0,None Listed,None Listed
65,148,‚Äì,2023-02-17,189.0,Fixed price,VINTAGE 1996 ALICE IN CHAINS SHIRT XL AIC NIRVANA PEARL JAM SOUNDGARDEN BJORK,10.95,None Listed,"Nirvana,Alice in Chains"
66,149,9,2023-02-25,182.5,Auction,Vintage 90s Alice in Chains Dirt 1992 Backstage Pass T-shirt L,7.0,None Listed,Alice in Chains
67,150,‚Äì,2023-02-26,150.0,Fixed price,Vintage 90s Alice in Chains Dirt 1992 Backstage Pass T-shirt L,5.65,None Listed,Alice in Chains
68,151,‚Äì,2023-02-13,800.0,Fixed price,Original 1992 Alice in Chains X-Ray Vintage T-Shirt Shirt,0.0,None Listed,Alice in Chains
69,152,‚Äì,2022-12-18,299.99,Fixed price,Original 1995 Alice in Chains T-Shirt Vintage Shirt,0.0,None Listed,Alice in Chains
70,153,‚Äì,2023-01-13,200.0,Fixed price,Vintage 1995 Alice in Chains Tripod Dog Print T-Shirt XL Single Stitch USA,10.6,None Listed,Alice in Chains
71,154,‚Äì,2023-01-09,325.0,Fixed price,Vintage Alice in Chains Jar of Flies Grunge 90s Shirt,6.1,None Listed,Alice in Chains
72,155,38,2023-02-07,455.0,Auction,vintage 1996 Alice in Chains concert t-shirt size xl,0.0,None Listed,Alice in Chains
73,156,1,2023-02-05,29.0,Auction,vintage 90's Alice in Chains man in the box t-shirt size L,9.7,None Listed,Alice in Chains
74,157,53,2023-02-12,750.0,Auction,Vintage 1992 Alice In Chains Dirt t shirt XL rare grunge Soundgarden Nirvana,0.0,None Listed,"Nirvana,Soundgarden"
75,158,‚Äì,2023-02-14,650.0,Fixed price,Vintage 1994 Alice In Chains jar of flies t shirt RARE Lg Layne Staley,0.0,None Listed,None Listed
76,159,‚Äì,2023-01-05,105.0,Fixed price,vintage alice in chains shirt jar of flies 90s band t single stitch rare Large,5.4,None Listed,Alice in Chains
77,160,4,2023-02-19,317.0,Auction,Vintage Alice In Chains Rooster 1993 T-Shirt XL Jesse Higman Single Stitch USA,0.0,None Listed,None Listed
78,161,‚Äì,2023-03-01,315.0,Fixed price,Vintage Alice In Chains Rooster 1993 T-Shirt XL Jesse Higman Single Stitch USA,10.4,None Listed,None Listed
79,162,‚Äì,2022-12-15,381.83,Fixed price,Vintage Soundgarden SOMMS Shirts Band Mother Love Bone Nirvana Alice N Chains XL,0.0,None Listed,"Nirvana,Soundgarden"
80,163,‚Äì,2022-12-20,50.0,Fixed price,Precious Death Shirt XL - CHRISTIAN ZAO ALICE IN CHAINS GRUNGE NIRVANA,0.0,None Listed,"Nirvana,Alice in Chains"
81,164,‚Äì,2023-02-13,425.0,Fixed price,Vintage 90s TAD Shirt XL VTG Grunge Sub Pop Nirvana Soundgarden Alice In Chains,0.0,None Listed,"Nirvana,Soundgarden"
82,165,‚Äì,2023-02-12,495.0,Fixed price,Vintage 90s Screaming Trees Shirt XL Grunge Sub Pop Mad Season Alice in Chains,0.0,None Listed,Alice in Chains
83,166,‚Äì,2023-02-19,70.0,Fixed price,Vintage Stone Temple Pilots 90s Bootleg T-Shirt L Nirvana Alice in Chains,0.0,None Listed,"Nirvana,Alice in Chains"
84,167,‚Äì,2022-12-16,95.0,Fixed price,Vintage Alice in Chains 2XL DIRT T Shirt Mens Black Band Tee 2004 Y2K Metal,0.0,None Listed,Alice in Chains
85,168,‚Äì,2023-01-22,400.0,Fixed price,Alice in Chains vintage 90's t-shirts pair Dirt + Jar of Flies,5.75,None Listed,Alice in Chains
86,169,‚Äì,2022-12-12,204.0,Fixed price,Vintage 1993 Alice In Chains Mud Honey Tour T-Shirt Sz L Very Rare,4.0,None Listed,None Listed
87,170,1,2023-03-04,150.0,Auction,Vintage 90s Y2k Alice In Chains Facelift Double-Sided Tour Band T-Shirt Large,5.7,None Listed,None Listed
88,171,‚Äì,2023-02-06,70.0,Fixed price,Vintage 2000‚Äôs Alice In Chains Rooster T Shirt Mens XL Grunge Rock Y2K Anvil Tag,18.53,Anvil,None Listed
89,172,3,2022-12-08,16.5,Auction,Alice In Chains Alternative vintage soft tee. Woman‚Äôs Size Med,5.85,None Listed,None Listed
90,173,12,2022-12-18,355.0,Auction,Vintage Original Alice In Chains Rooster AIC 1993 T-Shirt Black XL,5.3,None Listed,None Listed
91,174,‚Äì,2023-02-07,62.0,Fixed price,Vintage alice in chains shirt M Distressed/Faded Promo Tee,6.8,None Listed,Alice in Chains
92,175,‚Äì,2022-12-16,27.29,Fixed price,Vintage X-Fest T-Shirt Mens XL Alice In Chains Band Janes Addiction Grunge Rock,0.0,None Listed,None Listed
93,176,1,2022-12-06,275.0,Auction,"vintage alice in chains shirt ""Backstage PASS""......",6.1,None Listed,Alice in Chains
94,177,43,2023-01-16,255.0,Auction,Vintage alice in chains 90 SHIRT TOUR SINGLE STICH concert pearl jam nirvana xxx,16.99,None Listed,"Nirvana,Alice in Chains"
95,178,‚Äì,2023-01-15,298.0,Fixed price,"Vintage 1992 alice in chains shirt. Grunge, Nirvana, Pearl Jam",6.1,None Listed,"Nirvana,Alice in Chains"
96,179,29,2023-01-28,157.5,Auction,Vintage Alice In Chains Above Layne Mad Season T-Shirt Size Large,0.0,None Listed,None Listed
97,180,1,2023-01-24,120.0,Auction,"Alice in Chains Authentic 90 's Vintage T Shirt "" The Other White Meat ""XL 1996",0.0,None Listed,Alice in Chains
98,181,‚Äì,2023-01-30,150.0,Fixed price,Vintage Alice In Chains Above Layne Mad Season T-Shirt Size Large,5.5,None Listed,None Listed
99,182,‚Äì,2023-02-13,350.0,Fixed price,1995 Vintage alice in chains shirt,10.65,None Listed,Alice in Chains
100,183,‚Äì,2023-01-17,95.0,Fixed price,Vintage XL Lollapalooza 1993 Rage Against Machine Alice in Chains Band Tour Tee,0.0,None Listed,Alice in Chains
101,184,‚Äì,2023-01-24,225.0,Fixed price,Vintage Dinosaur Jr Shirt L,0.0,None Listed,Dinosaur Jr
102,185,1,2022-12-18,75.0,Auction,Vintage Dinosaur Jr Band Tee Shirt size L,11.15,None Listed,Dinosaur Jr
103,186,‚Äì,2022-12-08,24.0,Fixed price,Dinosaur Jr long sleeve hoodie zippie Peace Sign Logo XXL 2XL,7.0,None Listed,Dinosaur Jr
104,187,1,2023-01-01,270.0,Auction,Vintage Dinosaur jr rare size xl 92‚Äô t shirt Xl,35.0,None Listed,None Listed
105,188,2,2023-01-10,300.0,Auction,Vintage Dinosaur jr rare size xl 92‚Äô t shirt Xl Single Stitch,35.0,None Listed,None Listed
106,189,‚Äì,2023-02-23,450.0,Fixed price,"Dinosaur Jr. vintage 90s Feel the Pain shirt, great condition, XL, navy blue",0.0,None Listed,Dinosaur Jr
107,190,‚Äì,2023-02-26,625.0,Fixed price,Vintage 1990‚Äôs Dinosaur Jr Band T- Shirt Alt Rock Pixies Nirvana Sonic Youth,5.85,None Listed,"Dinosaur Jr,Nirvana"
108,191,10,2023-01-15,30.0,Auction,VINTAGE DINOSAUR JR. T SHIRT..SIZE XL..24 PITS,0.0,None Listed,Dinosaur Jr
109,192,7,2023-01-27,35.0,Auction,VINTAGE DINOSAUR JR. T SHIRT..SIZE XL..24 PITS,5.0,None Listed,Dinosaur Jr
110,193,‚Äì,2023-01-24,460.0,Fixed price,Vintage 1993 Dinosaur Jr. ‚ÄòWhere You Been?‚Äô T-Shirt,5.7,None Listed,Dinosaur Jr
111,194,‚Äì,2023-01-06,174.99,Fixed price,Vintage 90s Sebadoh Dinosaur Jr. Long Sleeve Concert Band T Shirt L/XL Sub Pop,9.75,None Listed,Dinosaur Jr
112,195,‚Äì,2022-12-20,250.0,Fixed price,Original Vintage Tour Dinosaur Jr T shirt - Green Mind LP - XL Screen Stars,11.15,None Listed,Dinosaur Jr
113,196,‚Äì,2023-01-04,119.99,Fixed price,Vintage Dinosaur Jr Green Mind Tour Shirt,0.0,None Listed,Dinosaur Jr
114,197,‚Äì,2023-01-08,119.99,Fixed price,Vintage Dinosaur JR Green Mind Tour Shirt XL Single Stitch Top/Bottom,0.0,None Listed,None Listed
115,198,1,2023-01-13,99.0,Auction,Vintage Dinosaur JR Green Mind Tour Shirt XL Single Stitch Top/Bottom,5.5,None Listed,None Listed
116,199,11,2022-12-11,26.0,Auction,Dinosaur Jr shirt vintage used size M medium rock indie music t-shirt,11.9,None Listed,Dinosaur Jr
117,200,‚Äì,2022-12-08,785.0,Fixed price,Vintage 90s Dinosaur Jr Long Sleeve Shirt XL Sonic Youth Lemonheads Jesus Lizard,0.0,None Listed,Dinosaur Jr
118,201,1,2023-01-27,54.0,Auction,VINTAGE RARE Dinosaur Jr. Band T Shirt 2005 Tour Size L USA,9.35,None Listed,Dinosaur Jr
119,202,‚Äì,2022-12-12,37.0,Fixed price,Vintage Folk Implosion Foke Implojun Shirt Adult L Sebadoh Dinosaur Jr.,0.0,None Listed,Dinosaur Jr
120,203,22,2022-12-06,100.0,Auction,Vintage Dinosaur Jr. Shirt 1990‚Äôs Band Promo Green Monster Post Punk J Mascis,5.99,None Listed,Dinosaur Jr
121,204,15,2022-12-09,24.5,Auction,Vintage 1991 Dinosaur Jr. T Shirt size LARGE Gildan Tag,6.95,Gildan,Dinosaur Jr
122,205,‚Äì,2023-01-03,288.82,Fixed price,Vintage Dinosaur Jr Nice Man Tshirt Black Graphic Size XL Extra Large Cotton,6.0,None Listed,Dinosaur Jr
123,206,‚Äì,2022-12-27,399.0,Fixed price,Vintage Dinosaur Jr Nice Man Tshirt White Graphic Size XL Extra Large Cotton,6.0,None Listed,Dinosaur Jr
124,207,‚Äì,2022-12-24,160.0,Fixed price,Vintage Dinosaur Jr Tshirt Purple Cow Adult Size Large,6.0,None Listed,Dinosaur Jr
125,208,12,2023-01-08,256.0,Auction,Vintage Lg ORIGINAL Sebadoh Barlow Shirt Dinosaur Jr Nirvana‚Äôs Cobain Wore One!,0.0,None Listed,"Dinosaur Jr,Nirvana"
126,209,1,2023-01-08,59.99,Auction,Vintage ORIGINAL Dinosaur Jr Shirt Green Monster Sebadoh J Mascis Grunge,0.0,None Listed,Dinosaur Jr
127,210,21,2023-01-09,326.0,Auction,Rare True Vintage 90s Dinosaur Jr Feel the Pain XL USA bandtee T Shirt Grail,11.9,None Listed,Dinosaur Jr
128,211,‚Äì,2023-02-09,268.62,Fixed price,Vintage Dinosaur Jr Nice Man Tshirt Black Graphic Size XL Extra Large Cotton,6.0,None Listed,Dinosaur Jr
129,212,‚Äì,2023-01-28,475.0,Fixed price,VINTAGE 90s FOTL DINOSAUR JR SHIRT LARGE 22x31 single stitch Excellent Condition,5.6,FOTL,Dinosaur Jr
130,213,‚Äì,2023-02-08,100.0,Fixed price,Vintage Thrashed 1993 Lollapalooza Concert T-Shirt Primus Dinosaur Jr,5.4,None Listed,Dinosaur Jr
131,214,11,2022-12-09,202.5,Auction,Vintage Dinosaur Jr T Shirt 1990s Alien Workshop Grunge Size XL,5.5,None Listed,Dinosaur Jr
132,215,14,2023-01-21,26.0,Auction,Vintage Dinosaur Jr T Shirt MEDIUM Gildans tag Purple shirt,6.47,Gildan,Dinosaur Jr
133,216,‚Äì,2023-02-01,225.0,Fixed price,1995 dinosaur Jr shirt vintage shirt tour,5.85,None Listed,None Listed
134,217,‚Äì,2023-02-16,120.0,Fixed price,Vintage 90s Sebadoh Band T Shirt Sz L Dinosaur Jr Deep Wound Lou Barlow,0.0,None Listed,Dinosaur Jr
135,218,‚Äì,2022-12-06,200.0,Fixed price,Vintage Doughboys shirt 1993 my bloody valentine lemonheads nirvana dinosaur jr,10.0,None Listed,Nirvana
136,219,‚Äì,2023-02-01,30.0,Fixed price,Dinosaur Jr Owl Man Shirt Rare Shirt XXL,6.45,None Listed,Dinosaur Jr
137,220,1,2023-02-25,350.0,Auction,Vintage 90s Mercury Rev T Shirt XL Noise Pop The Flaming Lips Dinosaur Jr Grunge,6.35,None Listed,Dinosaur Jr
138,221,‚Äì,2023-02-27,250.0,Fixed price,Vintage 1990s Lemonheads shirt dinosaur jr my bloody valentine nirvana subpop,10.0,None Listed,Nirvana
139,222,‚Äì,2022-12-19,90.0,Fixed price,VINTAGE RARE 2005 Tour Dinosaur Jr. Band T Shirt Size XL USA,5.45,None Listed,Dinosaur Jr
140,223,1,2023-02-24,150.0,Auction,Vintage Dinosaur Jr Shirt L Navy  Alternative Grunge Hard Rock Band From 1990s,0.0,None Listed,Dinosaur Jr
141,224,‚Äì,2023-03-03,69.99,Fixed price,Vintage Dinosaur Jr Band Tee Shirt size XL 1992 Rare,9.03,None Listed,Dinosaur Jr
142,225,‚Äì,2023-01-27,25.0,Fixed price,"Vintage Dinosaur Jr Shirt, Pearl jam shirt, Nirvana, Soundgarden",35.0,None Listed,"Dinosaur Jr,Nirvana,Soundgarden"
143,226,‚Äì,2023-02-18,130.0,Fixed price,vintage 90s dinosaur jr band promo t-shirt Small (fitted) Single Stitch,6.0,None Listed,None Listed
144,227,‚Äì,2022-12-28,325.0,Fixed price,vintage Dinosaur Jr. Shirt Mens XL Little Fury Things single art Hanes Beefy-T,7.5,Hanes,Dinosaur Jr
145,228,‚Äì,2022-12-11,60.0,Fixed price,Vintage 1999 Ozzfest Shirt Black Sabbath Rob Zombie Deftones Ozzy Osbourne XL,0.0,None Listed,Deftones
146,229,‚Äì,2022-12-14,30.0,Fixed price,Vintage DEFTONES Tank top Rock T Shirt Band Merchandise Mens Medium Giant Tag,0.0,None Listed,Deftones
147,230,‚Äì,2023-01-04,215.0,Fixed price,Deftones - Back To School - Tour T-Shirt (Vintage) - XL,0.0,None Listed,Deftones
148,231,‚Äì,2023-01-28,100.0,Fixed price,DEFTONES - D Star/White Pony - T-Shirt (Vintage; 2000) - Large,0.0,None Listed,Deftones
149,232,‚Äì,2023-01-04,60.0,Fixed price,DEFTONES - White Pony - T-Shirt (Vintage; 2000) - Med,0.0,None Listed,Deftones
150,233,‚Äì,2023-01-29,80.0,Fixed price,DEFTONES - Pistol Logo/Tour - T-Shirt (Vintage; 2004) - Large,0.0,None Listed,Deftones
151,234,1,2023-01-20,35.0,Auction,Vintage Godsmack Deftones Summer Tour 2001 + Original Ticket Stub Pittsburgh PA,5.75,None Listed,Deftones
152,235,‚Äì,2023-02-28,150.0,Fixed price,vintage deftones shirt l/xl pantera ozzy nin Rare,15.0,None Listed,None Listed
153,236,‚Äì,2023-01-31,20.99,Fixed price,Vintage Disturbed Giant Band Shirt XL Korn Deftones Bizkit Metallica Godsmack,5.0,None Listed,Deftones
154,237,‚Äì,2023-01-05,41.99,Fixed price,Vintage 2004 Metallica Pushead Band Korn Deftones Anthrax Tour Shirt XL Megadeth,5.0,None Listed,Deftones
155,238,‚Äì,2022-12-14,70.0,Fixed price,Vintage 90s Deftones Giant Band Tour Korn Tool Slipknot Soad Rare Shirt 3XL,5.0,None Listed,Deftones
156,239,‚Äì,2023-02-26,29.99,Fixed price,Vintage Deftones Sacramento CA Red Tee Size Medium Never Worn Tennessee River,5.7,None Listed,Deftones
157,240,‚Äì,2023-01-29,800.0,Fixed price,Vintage Giant 1998 Deftones Around The Fur Band T-Shirt,0.0,None Listed,Deftones
158,241,‚Äì,2023-01-03,200.0,Fixed price,Deftones 1998 tour shirt vintage 90s Rare,6.15,None Listed,Deftones
159,242,3,2023-01-10,46.0,Auction,Deftones shirt vintage 2000's,0.0,None Listed,Deftones
160,243,‚Äì,2023-01-05,20.0,Fixed price,Deftones Cat Shirt (like) Linus Band Tee 2XL Concert Rock Vintage Style 90s,5.45,None Listed,Deftones
161,244,‚Äì,2022-12-14,110.0,Fixed price,2000 OG Vintage Deftones Black White Pony Tour Shirt Large,7.5,None Listed,Deftones
162,245,‚Äì,2023-01-05,215.0,Fixed price,Deftones Around the Fur 1997 Vintage 13 Ball Shirt,6.36,None Listed,Deftones
163,246,‚Äì,2023-01-11,75.0,Fixed price,2000 OG Vintage Deftones Shirt Large White Pony Era,6.5,None Listed,Deftones
164,247,‚Äì,2023-01-26,70.0,Fixed price,2000 OG Vintage Deftones White Pony Shirt XL Red,7.5,None Listed,Deftones
165,248,‚Äì,2023-02-07,9.95,Fixed price,Deftones Skull Logo Vintage T-Shirt Adult XL Black Deftones Short Sleeve,5.8,None Listed,Deftones
166,249,‚Äì,2023-03-03,30.0,Fixed price,Vintage 90s Deftones ‚ÄúMetallica‚Äù lettering tour t-shirt,5.5,None Listed,Deftones
167,250,1,2023-01-18,150.0,Auction,Deftones Back To School Tour T-Shirt cheerleader 2001 - LG used/worn - vintage,10.85,None Listed,Deftones
168,251,‚Äì,2023-01-29,10.12,Fixed price,Vintage Deftones Mens T-Shirt Size L Black Adult Crewneck Short Sleeve 90s Music,5.99,None Listed,Deftones
169,252,‚Äì,2022-12-31,75.0,Fixed price,VINTAGE Deftones T Shirt Alternative Metal Band Concert Tour Music Rock Graphic,5.95,None Listed,Deftones
170,253,2,2022-12-07,69.95,Auction,Rare Vintage Deftones Band In Stereo 2 Sided Shirt Size Large,4.95,None Listed,Deftones
171,254,‚Äì,2022-12-09,40.0,Fixed price,Team Sleep T Shirt Medium Vintage Deftones Chino Moreno Alternative Rock,6.0,None Listed,Deftones
172,255,‚Äì,2022-12-16,149.97,Fixed price,Vintage 2000 Deftones Band White Pony Long Sleeve Black Shirt Giant Tag Size L,0.0,None Listed,Deftones
173,256,1,2022-12-31,135.0,Auction,Deftones Around the Fur 1997 Vintage 13 Ball Shirt,0.0,None Listed,Deftones
174,257,‚Äì,2023-01-15,155.0,Fixed price,Vintage 2000 Y2K Giant Tag Deftones White Pony Tour Dates Metal Band Sz XL Shirt,6.2,None Listed,Deftones
175,258,1,2023-02-15,8.0,Auction,Vintage 2001 Rolling Rock TownFair2.0 TShirt XL STP Live Deftones Incubus Staind,6.35,None Listed,Deftones
176,259,‚Äì,2023-02-19,40.0,Fixed price,VINTAGE Deftones T-shirt XXL 2XL Band Shirt Shirt Sleeve Y2K Black,6.65,None Listed,Deftones
177,260,‚Äì,2022-12-07,20.0,Fixed price,Vintage 00‚Äôs Deftones T-Shirt Adult Small Navy Rock Band Giant,5.0,None Listed,Deftones
178,261,2,2022-12-27,80.0,Auction,Vintage Original Deftones Band T-Shirt Navy Large Metal Rock Band XL,12.6,None Listed,Deftones
179,262,‚Äì,2023-01-09,80.0,Fixed price,VTG Arcade Fire Tour Shirt Band Radiohead Nirvana Strokes Killers Deftones RARE,11.33,None Listed,"Nirvana,Deftones"
180,263,‚Äì,2022-12-28,85.0,Fixed price,Vintage TIGER ARMY BAND Shirt Metallica AFI Deftones Nirvana Grateful Dead RARE,0.0,None Listed,"Nirvana,Deftones"
181,264,18,2023-01-15,71.0,Auction,Vintage 2004 Metallica Pushead Band Korn Deftones Anthrax Tour Shirt L Megadeth,6.85,None Listed,Deftones
182,265,‚Äì,2023-02-04,152.0,Fixed price,Vintage Deftones Back To School USA Tour D World T Shirt 2001 2XL RARE HTF,8.99,None Listed,Deftones
183,266,‚Äì,2023-03-02,80.0,Fixed price,Vintage Deftones Band Shirt Large Dark Gray 90s FOTL Alternative Rock,0.0,FOTL,Deftones
184,267,‚Äì,2022-12-05,73.88,Fixed price,DEFTONES WORLDWIDE T Shirt LARGE 1990s Concert Band Black Vintage *small holes,5.99,None Listed,Deftones
185,268,‚Äì,2023-01-25,60.0,Fixed price,Vintage Deftones T Shirt 2000's White Pony Album Tee Rock Music Men‚Äôs Size XL,13.0,None Listed,Deftones
186,269,2,2023-02-07,265.0,Auction,Vintage 2000 Y2K Giant Tag Deftones White Pony Tour Dates Metal Band Sz XL Shirt,0.0,None Listed,Deftones
187,270,1,2023-02-19,29.99,Auction,Vintage Mens T-Shirt Deftones Diamond Eye Tour Concert Black XL Extra Large,7.59,None Listed,Deftones
188,271,‚Äì,2023-02-23,115.0,Fixed price,Deftones House of Flies Rock Black Vintage XL T-Shirt White Pony Rare,0.0,None Listed,Deftones
189,272,‚Äì,2023-01-13,235.0,Fixed price,DEFTONES VINTAGE 90s KARATE SPELLOUT GIANT ROCK BAND MUSIC TSHIRT Xtra Large,10.85,None Listed,Deftones
190,273,‚Äì,2022-12-16,40.0,Fixed price,Vintage Y2K Deftones Diamond Eyes Tour T-shirt Nu Metal Band Black Tee XL,11.15,None Listed,Deftones
191,274,‚Äì,2023-01-28,65.0,Fixed price,Vintage Deftones T-Shirt Size L Black Oversized Baggy Metal Band Tour Merch,10.0,None Listed,Deftones
192,275,‚Äì,2023-01-26,54.0,Fixed price,Vintage Deftones long sleeve T Shirt Black grunge 2000/01 SLEEVE HOLE! repair me,0.0,None Listed,Deftones
193,276,26,2023-02-16,167.5,Auction,Vintage 1998 Deftones Around The Fur 13 Ball Tour Shirt,6.22,None Listed,Deftones
194,277,‚Äì,2023-01-30,120.0,Fixed price,Vintage 1996 Sepultura Shirt Roots Bloody Roots XL Green What Were You Thinking,0.0,None Listed,Sepultura
195,278,‚Äì,2023-01-21,80.0,Fixed price,vintage SEPULTURA 1991 Arise tshirt single stitch,5.85,None Listed,Sepultura
196,279,1,2022-12-23,75.0,Auction,Vintage Machine Head Large Shirt Charles Manson Pantera Sepultura Biohazard,0.0,None Listed,Sepultura
197,280,‚Äì,2022-12-31,20.0,Fixed price,sepultura shirt the birth of nation Vintage Xl,6.6,None Listed,Sepultura
198,281,‚Äì,2022-12-10,45.99,Fixed price,Vintage 2000's Sepultura Band T Shirt Size L 21 by 27,0.0,None Listed,Sepultura
199,282,‚Äì,2023-03-04,195.0,Fixed price,Vintage 1990's Sepultura Territory T Shirt 1993 Sz XL Thrash Metal Slayer A1,5.85,None Listed,Sepultura
200,283,‚Äì,2023-01-19,180.0,Fixed price,VINTAGE 1998 SOULFLY LINE UP PROMO CONCERT TOUR ROCK METAL T SHIRT L SEPULTURA,20.0,None Listed,Sepultura
201,284,‚Äì,2023-01-10,85.0,Fixed price,Vintage Nailbomb Shirt BlueGrape M 1995 point blank sepultura metal rock,6.1,None Listed,Sepultura
202,285,‚Äì,2023-01-20,99.99,Fixed price,Vintage 1996 Sepultura Roots Concert Tour Read Description *Dry Rot* T-Shirt XL,5.99,None Listed,Sepultura
203,286,‚Äì,2023-01-20,99.99,Fixed price,Vintage 1996 Sepultura Roots Concert Tour Read Description *Dry Rot* T-Shirt XL,5.99,None Listed,Sepultura
204,287,‚Äì,2023-02-12,120.0,Fixed price,Vintage Sepultura Roots Bloody Roots Blue Grape 90s Band Shirt,5.85,Blue Grape,Sepultura
205,288,‚Äì,2023-02-01,75.0,Fixed price,Vintage 1998 Blue Grape Max Cavalera T-Shirt XL Sepultura Soulfly RARE OFFICIAL,4.5,Blue Grape,Sepultura
206,289,1,2022-12-10,95.0,Auction,vintage sepultura t shirt Roots Bloody Roots 1996 Blue Grape,12.6,Blue Grape,Sepultura
207,290,‚Äì,2023-02-14,24.99,Fixed price,Vintage SEPULTURA Beneath the Remains 1989 Album Metal Black Shirt -Mens XXL 2XL,5.85,None Listed,Sepultura
208,291,‚Äì,2023-02-15,24.99,Fixed price,Vintage SEPULTURA Beneath the Remains 1989 Album Metal Black Shirt -Mens XXL 2XL,5.85,None Listed,Sepultura
209,292,1,2023-02-22,12.5,Auction,Sepultura Vintage Chaos AD T-Shirt Cut,9.65,None Listed,Sepultura
210,293,24,2023-02-26,212.5,Auction,Vintage sepultura shirt peyote full print rare,0.0,None Listed,Sepultura
211,294,26,2023-02-10,83.0,Auction,Vintage 1990 Sepultura Thrash Death Metal Concert Band T Shirt Cavalera,13.26,None Listed,Sepultura
212,295,1,2022-12-06,149.99,Auction,Original Vintage Sepultura Beneath The Remains T-Shirt Blue Grape 1990 Large L,9.0,Blue Grape,Sepultura
213,296,‚Äì,2023-01-04,55.0,Fixed price,Vintage Sepultura Sepultribe Band Tee Shirt,29.76,None Listed,Sepultura
214,297,‚Äì,2023-02-05,20.0,Fixed price,Vintage Sepultura Nation Metal Band T-Shirt 2XL XXL,6.65,None Listed,Sepultura
215,298,‚Äì,2023-01-07,200.0,Fixed price,Vintage Sepultura Morbid Visions XL T- Shirt Blank back rare.,5.23,None Listed,Sepultura
216,299,‚Äì,2023-01-21,30.0,Fixed price,Vintage Sepultura Beneath The Remains T-Shirt Faded Mens Size XL,26.2,None Listed,Sepultura
217,300,1,2023-01-22,84.0,Auction,Sepultura Roots 1996 Vintage Blue Grape Size XL T Shirt,15.0,Blue Grape,Sepultura
218,301,‚Äì,2023-02-19,70.0,Fixed price,rare vintage Sepultura Roots t-shirt Size XL heavy metal band 1996 Amsterdam NYC,12.99,None Listed,Sepultura
219,302,‚Äì,2022-12-14,59.99,Fixed price,Vintage 90's Sepultura T-Shirt XL Concert Tour,3.99,None Listed,Sepultura
220,303,‚Äì,2023-01-10,350.0,Fixed price,vintage sepultura roots shirt extra large Faded blue grape 90s,0.0,Blue Grape,Sepultura
221,304,‚Äì,2023-02-25,88.0,Fixed price,Vintage FAITH NO MORE 1992 Shirt XL sepultura type o negative primus metallica,15.34,None Listed,"Type O Negative,Sepultura"
222,305,1,2023-02-03,75.0,Auction,rare vintage Sepultura xl You're Full of Sh** concert t shirt 1995,7.14,None Listed,Sepultura
223,306,‚Äì,2023-01-25,130.0,Fixed price,Vintage Sepultura Roots 1996 Size XL Licensed T-Shirt Tour Concert Black,20.0,None Listed,Sepultura
224,307,3,2023-02-28,37.0,Auction,rare vintage Sepultura sweatpants M heavy metal band,10.0,None Listed,Sepultura
225,308,‚Äì,2023-01-15,32.09,Fixed price,Vintage Sepultura Shirt XL Black Band Tee Chaos AD Tour Tee Y2K 2000s 90s Mens,7.0,None Listed,Sepultura
226,309,‚Äì,2023-01-14,149.99,Fixed price,vintage 1997 sepultura XL shirt schizophrenia blue grape,28.93,Blue Grape,Sepultura
227,310,14,2023-01-16,51.0,Auction,Vintage rob zombie 90 SHIRT ROCK TOUR Metallica concert sepultura megadeth korn,18.38,None Listed,Sepultura
228,311,8,2023-01-16,23.5,Auction,Vintage Pantera 90 SHIRT ROCK TOUR concert megadeth slayer metallic Sepultura,16.99,None Listed,Sepultura
229,312,‚Äì,2023-01-15,39.99,Fixed price,Vintage SEPULTURA Beneath the Remains 1989 Album Metal Black T-Shirt Rap Tee 2XL,0.0,None Listed,Sepultura
230,313,‚Äì,2023-02-03,50.0,Fixed price,Vintage Sepultura T Shirt Mens XL Black Cotton Made in USA Sepultribe Metal Band,5.99,None Listed,Sepultura
231,314,‚Äì,2023-01-27,199.0,Fixed price,vintage sepultura roots shirt 1996 XL METAL BAND T-SHIRT TEE SINGLE STITCH,0.0,None Listed,Sepultura
232,315,‚Äì,2023-01-27,199.0,Fixed price,vintage sepultura roots shirt 1996 XL METAL BAND T-SHIRT TEE SINGLE STITCH,0.0,None Listed,Sepultura
233,316,‚Äì,2023-02-13,35.0,Fixed price,Vintage Soulfly T Shirt XL Heavy Metal Band Black Sepultura 2000 Y2K,0.0,None Listed,Sepultura
234,317,‚Äì,2022-12-26,198.0,Fixed price,Vintage Distressed Sepultura Original Concert Tour T-shirt Black Unisex Size XL,11.15,None Listed,Sepultura
235,318,16,2023-01-24,67.0,Auction,Vintage 1994 Sepultura Chaos AD T Shirt XL Thrash Death Metal Pantera Megadeth,6.35,None Listed,Sepultura
236,319,‚Äì,2023-01-21,135.99,Fixed price,Vintage 1994 Sepultura Chaos A.D. Heavy Metal Band T-Shirt XL,0.0,None Listed,Sepultura
237,320,‚Äì,2022-12-17,25.0,Fixed price,Vintage Sarcofago 'Rotting' T-Shirt Thrash Metal Sepultura Slayer Sodom Men's XL,4.99,None Listed,Sepultura
238,321,‚Äì,2023-01-23,100.0,Fixed price,Sepultura - Chaos A.D. - 1993,11.45,None Listed,Sepultura
239,322,‚Äì,2023-01-30,50.0,Fixed price,Vintage Sepultura - War for territory - 1993,12.55,None Listed,Sepultura
240,323,‚Äì,2023-01-15,24.99,Fixed price,Vintage Pantera Dont Mess With Me Flag Shirt Soundgarden Sepultura Slipknot Korn,5.85,None Listed,"Sepultura,Soundgarden"
241,324,‚Äì,2022-12-17,38.0,Fixed price,Pantera vintage long sleeve thermal shirt Type O Negative Sepultura Metallica,6.6,None Listed,"Type O Negative,Sepultura"
242,325,‚Äì,2022-12-10,115.0,Fixed price,Vintage Nailbomb Shirt BlueGrape XL 1995 point blank sepultura metal rock,10.0,None Listed,Sepultura
243,326,‚Äì,2023-01-12,110.0,Fixed price,Vintage 1993 Sepultura Chaos AD Tour Shirt blue Grape Size XL Nailbomb death,10.0,None Listed,Sepultura
244,327,2,2022-12-10,35.0,Auction,Vintage the Jesus Lizard Band T-Shirt 90s Punk grunge Nirvana Melvins Old M,6.1,None Listed,"Nirvana,Melvins"
245,328,1,2022-12-17,26.3,Auction,Vintage Boris Band T-Shirt Medium Akuma No Uta Tour Japan Metal Melvins Rare,6.1,None Listed,Melvins
246,329,12,2023-01-08,185.01,Auction,Vintage 90s Melvins T Shirt Single Stitch Rare,6.0,None Listed,Melvins
247,330,1,2023-01-16,60.0,Auction,The Melvins Vintage Rock Band T Shirt Authentic Bat Logo 90s L Rare,10.0,None Listed,Melvins
248,331,‚Äì,2023-02-07,275.0,Fixed price,Vintage 1990‚Äôs Screaming Trees Band T-Shirt Melvins Nirvana Soundgarden Grunge,5.85,None Listed,"Nirvana,Melvins,Soundgarden"
249,332,‚Äì,2023-02-26,230.0,Fixed price,Vintage 1990‚Äôs Gruntruck Band T- Shirt Nirvana Melvins Soundgarden Grunge Rock,5.85,None Listed,"Nirvana,Melvins,Soundgarden"
250,333,‚Äì,2022-12-15,350.0,Fixed price,Vintage Melvins Egg Nog Black T-Shirt Band Tee EggNog Men's Size Large,0.0,None Listed,Melvins
251,334,‚Äì,2023-02-19,150.0,Fixed price,Vintage Y2K Melvins Houdini Pussy Cat 2 Headed Dog Black T-Shirt Men's Size M,0.0,None Listed,Melvins
252,335,4,2022-12-24,26.0,Auction,The Murder City Devils XL Vintage T-Shirt Misfits Fugazi Mummies Melvins,12.0,None Listed,Melvins
253,336,‚Äì,2022-12-05,43.0,Fixed price,Rare OOP Vintage Melvins Band Tee Shirt Stoner Sludge Metal Eagle Sz XL,6.85,None Listed,Melvins
254,337,13,2023-01-21,62.29,Auction,Vintage 90s Screaming Trees Grunge Rock Concert Band T-shirt Soundgarden Melvins,19.99,None Listed,"Melvins,Soundgarden"
255,338,‚Äì,2023-02-13,165.0,Fixed price,Vintage 90s Helmet Alien Handshake Band Shirt VTG Melvins Jesus Lizard Prong,0.0,None Listed,Melvins
256,339,‚Äì,2023-02-15,500.0,Fixed price,Vintage 90s Melvins Bullhead Shirt XL Jesus Lizard Black Flag Dead Kennedys,0.0,None Listed,Melvins
257,340,‚Äì,2023-01-12,250.0,Fixed price,Vintage MELVINS Houdini Tour Frank Kozik XL T Shirt,12.6,None Listed,Melvins
258,341,32,2023-02-08,710.0,Auction,Vintage 1990's MELVINS XL Dracula T-shirt,9.65,None Listed,Melvins
259,342,‚Äì,2022-12-13,125.0,Fixed price,MELVINS T-shirt Vintage original Tennessee River Houdini album lp size Medium,5.0,None Listed,Melvins
260,343,1,2022-12-11,9.99,Auction,Vintage Melvins 20 years T Shirt size Large Cinder Block tag,1.99,None Listed,Melvins
261,344,‚Äì,2022-12-10,74.99,Fixed price,Vintage Iron Monkey Iron Maiden Logo T Shirt XL Slugdge Metal Eyehategod Melvins,6.1,None Listed,Melvins
262,345,‚Äì,2022-12-06,275.0,Fixed price,Vintage 90s Sonic Youth Paper Doll T Shirt L Nirvana Pixies Kim Gordon grunge,0.0,None Listed,Nirvana
263,346,‚Äì,2022-12-19,1100.0,Fixed price,Vintage 1993 The Melvins Frank Kozik Gustave Dore T Shirt XL Sludge Metal Grunge,6.6,None Listed,Melvins
264,347,‚Äì,2022-12-27,1100.0,Fixed price,Vintage 1993 The Melvins Frank Kozik Gustave Dore T Shirt XL Sludge Metal Grunge,6.6,None Listed,Melvins
265,348,‚Äì,2023-02-12,79.99,Fixed price,Vintage 2001 Fantomas Directors Cut An Experiment in Terror T Shirt XL Melvins,6.55,None Listed,Melvins
266,349,3,2023-02-25,225.0,Auction,Vintage 1991 The Jesus Lizard Mouth Breather T Shirt XL Noise Rock Cows Melvins,6.45,None Listed,"Melvins,The Jesus Lizard"
267,350,14,2023-01-06,177.5,Auction,Vintage 90's MELVINS Army T Shirt Large KISS Grunge Hard To Believe It‚Äôs Nirvana,6.0,None Listed,"Nirvana,Melvins"
268,351,4,2023-02-11,92.0,Auction,RARE Authentic Vintage Melvins Tour Shirt 90s Red Devil Grunge Seattle SubPop,9.65,None Listed,Melvins
269,352,1,2023-01-16,40.0,Auction,Vintage Mike And The Melvins T Shirt (Large),12.0,None Listed,Melvins
270,353,1,2022-12-11,199.99,Auction,Melvins Vintage Shirt - Size XL 90s PUNK bleached 23‚Äù X 29‚Äù Rare Great Condition,5.9,None Listed,Melvins
271,354,1,2023-01-28,450.0,Auction,Vintage Coffin Break Shirt Nirvana Sub Pop melvins CZ RECORDS Band,13.0,None Listed,"Nirvana,melvins"
